{
  "hash": "497c8868",
  "configHash": "316da2d9",
  "lockfileHash": "027a3431",
  "browserHash": "3463f789",
  "optimized": {
    "@angular/common": {
      "src": "../../../../../node_modules/@angular/common/fesm2022/common.mjs",
      "file": "@angular_common.js",
      "fileHash": "c1a42ebb",
      "needsInterop": false
    },
    "@angular/core": {
      "src": "../../../../../node_modules/@angular/core/fesm2022/core.mjs",
      "file": "@angular_core.js",
      "fileHash": "acca35dc",
      "needsInterop": false
    },
    "@angular/forms": {
      "src": "../../../../../node_modules/@angular/forms/fesm2022/forms.mjs",
      "file": "@angular_forms.js",
      "fileHash": "19dffae4",
      "needsInterop": false
    },
    "@angular/material/form-field": {
      "src": "../../../../../node_modules/@angular/material/fesm2022/form-field.mjs",
      "file": "@angular_material_form-field.js",
      "fileHash": "746e4b11",
      "needsInterop": false
    },
    "@angular/material/input": {
      "src": "../../../../../node_modules/@angular/material/fesm2022/input.mjs",
      "file": "@angular_material_input.js",
      "fileHash": "b49bad8e",
      "needsInterop": false
    },
    "@angular/platform-browser": {
      "src": "../../../../../node_modules/@angular/platform-browser/fesm2022/platform-browser.mjs",
      "file": "@angular_platform-browser.js",
      "fileHash": "7c4af826",
      "needsInterop": false
    },
    "@angular/platform-browser/animations": {
      "src": "../../../../../node_modules/@angular/platform-browser/fesm2022/animations.mjs",
      "file": "@angular_platform-browser_animations.js",
      "fileHash": "912ad18b",
      "needsInterop": false
    },
    "@angular/router": {
      "src": "../../../../../node_modules/@angular/router/fesm2022/router.mjs",
      "file": "@angular_router.js",
      "fileHash": "81462162",
      "needsInterop": false
    },
    "ngx-bootstrap/buttons": {
      "src": "../../../../../node_modules/ngx-bootstrap/buttons/fesm2022/ngx-bootstrap-buttons.mjs",
      "file": "ngx-bootstrap_buttons.js",
      "fileHash": "f389a3fb",
      "needsInterop": false
    },
    "ngx-bootstrap/alert": {
      "src": "../../../../../node_modules/ngx-bootstrap/alert/fesm2022/ngx-bootstrap-alert.mjs",
      "file": "ngx-bootstrap_alert.js",
      "fileHash": "f11c4442",
      "needsInterop": false
    },
    "ngx-bootstrap/dropdown": {
      "src": "../../../../../node_modules/ngx-bootstrap/dropdown/fesm2022/ngx-bootstrap-dropdown.mjs",
      "file": "ngx-bootstrap_dropdown.js",
      "fileHash": "b66ddfa5",
      "needsInterop": false
    }
  },
  "chunks": {
    "chunk-57GDLQSA": {
      "file": "chunk-57GDLQSA.js"
    },
    "chunk-Q6OPPQZ5": {
      "file": "chunk-Q6OPPQZ5.js"
    },
    "chunk-QUKZEISY": {
      "file": "chunk-QUKZEISY.js"
    },
    "chunk-TZEKLZLR": {
      "file": "chunk-TZEKLZLR.js"
    },
    "chunk-MZ4RQZEJ": {
      "file": "chunk-MZ4RQZEJ.js"
    },
    "chunk-K2MJ3RR3": {
      "file": "chunk-K2MJ3RR3.js"
    },
    "chunk-BEB65MWD": {
      "file": "chunk-BEB65MWD.js"
    },
    "chunk-QFMK3DGG": {
      "file": "chunk-QFMK3DGG.js"
    }
  }
}